{"sample_predict_runtime_s":3.0856438009868725,"tokenizer_name":"meta-llama/Llama-3.1-8B","frac_pos_gt":0.04053457478829715,"macro_f1_class_0":0.976192244152302,"sample_n_pos_gt":0,"f1_binary_class_0":0.9797205391368864,"model_path":"KRLabsOrg/tinylettuce-ettin-68m-en","sample_precision_class_0":1,"prompts_per_task":50,"median_step_latency_s":0.025081686999328667,"sample_mean_step_lat_s":0.023554532831960857,"total_pos_pred":302,"sample_f1_class_1":NaN,"sample_recall_class_0":1,"macro_recall_class_1":0.13410574820521404,"_wandb":{"runtime":647},"macro_f1_class_1":0.35772961432153777,"p95_step_latency_s":0.034006337799655714,"precision_class_0":0.9656307129798903,"recall_class_1":0.16237623762376238,"precision_micro":0.9605088895131838,"seed":42,"sample_manifest_hash":"75bf4fc64ed1b34dcefb75382b5874b775d7313d75a6845a0f4c100aef0bac70","recall_micro":0.9605088895131838,"mean_sample_runtime_s":4.25827989549387,"macro_recall_micro":0.9630031693424828,"model":"gpt-3.5-turbo-0613","precision_class_1":0.543046357615894,"mean_step_latency_s":0.025634786865356203,"model_name":"tinylettuce-ettin-68m-en","sample_precision_class_1":NaN,"model_kind":"lettucedetect","macro_f1_micro":0.9630031693424828,"macro_precision_class_0":0.9647368626435459,"_timestamp":1.777561796676018e+09,"frac_pos_pred":0.012120239194124494,"sample_f1_micro":1,"sample_recall_micro":1,"sample_n_pos_pred":0,"macro_recall_class_0":0.9942391983145992,"sample_index":149,"sample_f1_class_0":1,"task_type":"Summary","sample_precision_micro":1,"macro_precision_class_1":0.33623722292200553,"wallclock_runtime_s":645.6392512321472,"f1_binary_class_1":0.25,"total_tokens":24917,"total_pos_gt":1010,"_step":149,"macro_precision_micro":0.9630031693424828,"total_predict_runtime_s":638.7419843240805,"f1_micro":0.9605088895131838,"sample_recall_class_1":NaN,"recall_class_0":0.9942276320742879,"sample_n_tokens":131,"confidence_threshold":0.8,"num_samples":150,"_runtime":647}