{"prompts_per_task":50,"macro_recall_class_1":0.2879348579235733,"macro_f1_micro":0.9559529346113859,"macro_f1_class_1":0.4405319862801733,"_wandb":{"runtime":694},"p95_step_latency_s":0.0366409169993858,"sample_n_pos_pred":0,"sample_f1_class_1":NaN,"sample_recall_class_0":1,"sample_n_pos_gt":0,"total_tokens":24917,"f1_binary_class_1":0.35975267003934797,"macro_recall_class_0":0.9795048229851958,"_step":149,"precision_class_0":0.9714262050687428,"wallclock_runtime_s":692.6161077022552,"sample_f1_micro":1,"recall_class_1":0.31683168316831684,"macro_precision_micro":0.9559529346113859,"model_kind":"lettucedetect","sample_recall_micro":1,"sample_manifest_hash":"75bf4fc64ed1b34dcefb75382b5874b775d7313d75a6845a0f4c100aef0bac70","_timestamp":1.7775586856866074e+09,"precision_micro":0.9542882369466629,"total_predict_runtime_s":685.9810343218869,"num_samples":150,"precision_class_1":0.41612483745123535,"recall_class_0":0.9812188898648931,"mean_step_latency_s":0.027530643107994017,"sample_f1_class_0":1,"tokenizer_name":"meta-llama/Llama-3.1-8B","sample_precision_class_0":1,"sample_recall_class_1":NaN,"task_type":"Summary","macro_precision_class_0":0.9702996115312419,"mean_sample_runtime_s":4.573206895479246,"recall_micro":0.9542882369466629,"sample_index":149,"sample_n_tokens":131,"model_path":"KRLabsOrg/lettucedect-base-modernbert-en-v1","total_pos_gt":1010,"sample_mean_step_lat_s":0.02513454008398643,"frac_pos_gt":0.04053457478829715,"confidence_threshold":0.6,"seed":42,"macro_f1_class_0":0.9726525039111923,"f1_micro":0.9542882369466629,"model":"gpt-3.5-turbo-0613","f1_binary_class_0":0.9762979918842992,"median_step_latency_s":0.02671086599912087,"macro_precision_class_1":0.2103199976776885,"total_pos_pred":769,"model_name":"lettucedetect-base-modernbert-en-v1","_runtime":694,"macro_recall_micro":0.9559529346113859,"sample_predict_runtime_s":3.292624751002222,"sample_precision_class_1":NaN,"sample_precision_micro":1,"frac_pos_pred":0.030862463378416343}