{"sample_manifest_hash":"75bf4fc64ed1b34dcefb75382b5874b775d7313d75a6845a0f4c100aef0bac70","f1_micro":0.9400409359072119,"total_pos_gt":1010,"model_path":"lebe1/lettuceprevent-ettin-decoder-68m-en","p95_step_latency_s":0.02750514959952852,"total_pos_pred":1426,"sample_n_tokens":131,"sample_index":149,"f1_binary_class_0":0.9684796826870332,"_timestamp":1.7775611422232525e+09,"sample_n_pos_gt":0,"macro_precision_micro":0.9479862957447568,"precision_class_1":0.3302945301542777,"median_step_latency_s":0.020562220999636338,"sample_recall_micro":1,"total_tokens":24917,"recall_micro":0.9400409359072119,"macro_recall_micro":0.9479862957447568,"sample_recall_class_0":1,"macro_precision_class_1":0.20485740580224274,"wallclock_runtime_s":551.4411451816559,"recall_class_1":0.46633663366336636,"macro_recall_class_1":0.42424363159542156,"_wandb":{"runtime":555},"mean_step_latency_s":0.021324240260505865,"prompts_per_task":50,"total_predict_runtime_s":531.3360945710247,"sample_n_pos_pred":0,"confidence_threshold":0.7,"model":"gpt-3.5-turbo-0613","f1_binary_class_1":0.3866995073891626,"sample_precision_micro":1,"sample_precision_class_0":1,"task_type":"Summary","precision_micro":0.9400409359072119,"model_name":"lettuceprevent-ettin-decoder-68m-en","sample_recall_class_1":NaN,"num_samples":150,"macro_f1_class_0":0.9691813062646535,"macro_f1_micro":0.9479862957447568,"sample_precision_class_1":NaN,"sample_mean_step_lat_s":0.01929925884742122,"sample_f1_class_1":NaN,"frac_pos_gt":0.04053457478829715,"model_kind":"lettuceprevent_decoder","_step":149,"mean_sample_runtime_s":3.542240630473498,"macro_precision_class_0":0.9773323508162641,"_runtime":555,"sample_f1_class_0":1,"recall_class_0":0.9600535408039487,"tokenizer_name":"meta-llama/Llama-3.1-8B","sample_predict_runtime_s":2.5282029090121796,"sample_f1_micro":1,"macro_recall_class_0":0.9650207649685792,"seed":42,"macro_f1_class_1":0.46112624652470846,"precision_class_0":0.9770550423566472,"frac_pos_pred":0.05723000361199181}