{"macro_recall_class_1":0.2641223687659461,"frac_pos_pred":0.027812336958702895,"frac_pos_gt":0.04053457478829715,"prompts_per_task":50,"recall_class_0":0.9836449575438156,"num_samples":150,"total_pos_pred":693,"mean_step_latency_s":0.027407538381440544,"f1_micro":0.9558935666412489,"_runtime":691,"sample_mean_step_lat_s":0.0249804885267504,"sample_n_pos_gt":0,"macro_f1_class_0":0.9735426044482938,"sample_n_tokens":131,"total_pos_gt":1010,"sample_f1_class_0":1,"_timestamp":1.7775605796647768e+09,"mean_sample_runtime_s":4.55275755900236,"sample_recall_class_0":1,"tokenizer_name":"meta-llama/Llama-3.1-8B","recall_class_1":0.299009900990099,"macro_f1_class_1":0.4380844497455685,"_step":149,"macro_f1_micro":0.9576353033956203,"sample_f1_class_1":NaN,"confidence_threshold":0.7,"total_predict_runtime_s":682.913633850354,"precision_class_0":0.9707727873183619,"sample_precision_micro":1,"model_kind":"lettucedetect","p95_step_latency_s":0.036816544800240075,"wallclock_runtime_s":689.2139835357666,"sample_predict_runtime_s":3.272443997004302,"sample_n_pos_pred":0,"median_step_latency_s":0.0265075089992024,"sample_recall_micro":1,"macro_recall_micro":0.9576353033956203,"macro_precision_class_0":0.9697271732191797,"task_type":"Summary","model_path":"KRLabsOrg/lettucedect-base-modernbert-en-v1","macro_precision_micro":0.9576353033956203,"model_name":"lettucedetect-base-modernbert-en-v1","seed":42,"model":"gpt-3.5-turbo-0613","sample_manifest_hash":"75bf4fc64ed1b34dcefb75382b5874b775d7313d75a6845a0f4c100aef0bac70","precision_micro":0.9558935666412489,"sample_index":149,"total_tokens":24917,"sample_precision_class_0":1,"sample_precision_class_1":NaN,"precision_class_1":0.4357864357864358,"sample_recall_class_1":NaN,"macro_recall_class_0":0.9819248206911925,"macro_precision_class_1":0.21941271063005985,"sample_f1_micro":1,"f1_binary_class_0":0.9771664831397644,"f1_binary_class_1":0.3546682325308279,"_wandb":{"runtime":691},"recall_micro":0.9558935666412489}