{"sample_precision_class_1":NaN,"macro_precision_micro":0.9626817215797323,"mean_sample_runtime_s":4.172503874946608,"sample_f1_class_1":NaN,"sample_recall_class_0":1,"_runtime":634,"total_pos_gt":1010,"sample_n_pos_gt":0,"task_type":"Summary","f1_binary_class_0":0.9795480342585905,"sample_precision_class_0":1,"sample_n_pos_pred":0,"recall_class_0":0.9926799682101477,"f1_binary_class_1":0.28136330674401744,"f1_micro":0.9602279568166312,"sample_recall_class_1":NaN,"macro_f1_micro":0.9626817215797323,"mean_step_latency_s":0.02511841639210143,"sample_mean_step_lat_s":0.022909910961832182,"model_name":"tinylettuce-ettin-68m-en","median_step_latency_s":0.02449657900069724,"total_predict_runtime_s":625.8755812419913,"macro_recall_micro":0.9626817215797323,"macro_precision_class_0":0.9656670540696842,"macro_f1_class_0":0.9760394151317047,"confidence_threshold":0.7,"model":"gpt-3.5-turbo-0613","precision_class_1":0.5257452574525745,"sample_recall_micro":1,"precision_micro":0.9602279568166312,"macro_precision_class_1":0.3098827030812325,"prompts_per_task":50,"total_tokens":24917,"macro_recall_class_1":0.16688733782353835,"model_kind":"lettucedetect","frac_pos_pred":0.014809166432556087,"sample_f1_micro":1,"macro_recall_class_0":0.9927301664147538,"macro_f1_class_1":0.38382320063264774,"sample_f1_class_0":1,"num_samples":150,"sample_n_tokens":131,"_step":149,"recall_micro":0.9602279568166312,"frac_pos_gt":0.04053457478829715,"precision_class_0":0.9667590027700831,"sample_manifest_hash":"75bf4fc64ed1b34dcefb75382b5874b775d7313d75a6845a0f4c100aef0bac70","sample_precision_micro":1,"p95_step_latency_s":0.03351042479953319,"_timestamp":1.7775598822453632e+09,"wallclock_runtime_s":632.536135673523,"tokenizer_name":"meta-llama/Llama-3.1-8B","sample_predict_runtime_s":3.001198336000016,"sample_index":149,"_wandb":{"runtime":634},"seed":42,"model_path":"KRLabsOrg/tinylettuce-ettin-68m-en","total_pos_pred":369,"recall_class_1":0.19207920792079208}