{"sample_f1_micro":1,"sample_predict_runtime_s":3.36383497499628,"confidence_threshold":0.8,"macro_f1_micro":0.959692116667096,"macro_recall_class_0":0.9856298750636987,"macro_recall_class_1":0.24082183478099115,"_runtime":700,"model_name":"lettucedetect-base-modernbert-en-v1","_step":149,"precision_class_0":0.9700584025664226,"macro_f1_class_1":0.427935266662306,"_timestamp":1.7775625053388934e+09,"model_kind":"lettucedetect","recall_micro":0.9579002287594814,"sample_recall_class_1":NaN,"tokenizer_name":"meta-llama/Llama-3.1-8B","mean_sample_runtime_s":4.610097228591901,"total_tokens":24917,"sample_n_pos_gt":0,"sample_precision_class_1":NaN,"mean_step_latency_s":0.027752722409952444,"total_predict_runtime_s":691.514584288785,"recall_class_1":0.27920792079207923,"sample_n_pos_pred":0,"macro_precision_class_1":0.2614440309794125,"macro_precision_class_0":0.9689331116299824,"model":"gpt-3.5-turbo-0613","f1_binary_class_1":0.34965902045877245,"num_samples":150,"p95_step_latency_s":0.03758319460066558,"sample_mean_step_lat_s":0.025678129580124276,"task_type":"Summary","total_pos_gt":1010,"model_path":"KRLabsOrg/lettucedect-base-modernbert-en-v1","seed":42,"prompts_per_task":50,"macro_f1_class_0":0.9747211471932985,"frac_pos_gt":0.04053457478829715,"recall_class_0":0.9865729702597565,"macro_recall_micro":0.959692116667096,"sample_f1_class_0":1,"sample_precision_micro":1,"sample_recall_class_0":1,"median_step_latency_s":0.026741891999336076,"f1_binary_class_0":0.9782459924099459,"_wandb":{"runtime":700},"total_pos_pred":603,"macro_precision_micro":0.959692116667096,"wallclock_runtime_s":698.2407450675964,"frac_pos_pred":0.024200345145884337,"sample_precision_class_0":1,"sample_n_tokens":131,"precision_class_1":0.46766169154228854,"sample_f1_class_1":NaN,"f1_micro":0.9579002287594814,"sample_manifest_hash":"75bf4fc64ed1b34dcefb75382b5874b775d7313d75a6845a0f4c100aef0bac70","sample_recall_micro":1,"sample_index":149,"precision_micro":0.9579002287594814}