{"recall_micro":0.9595055584540675,"f1_binary_class_0":0.9791576294643779,"sample_recall_class_1":NaN,"macro_f1_class_1":0.385465612251965,"macro_precision_class_1":0.28359643340461754,"_wandb":{"runtime":632},"model_kind":"lettucedetect","sample_index":149,"mean_step_latency_s":0.025044228606975163,"sample_f1_class_1":NaN,"macro_precision_class_0":0.9660629897627685,"model_path":"KRLabsOrg/tinylettuce-ettin-68m-en","mean_sample_runtime_s":4.1601802946666675,"_step":149,"sample_n_tokens":131,"frac_pos_gt":0.04053457478829715,"total_pos_pred":413,"recall_class_1":0.20495049504950494,"sample_precision_class_1":NaN,"sample_f1_micro":1,"sample_f1_class_0":1,"prompts_per_task":50,"sample_recall_class_0":1,"total_pos_gt":1010,"precision_micro":0.9595055584540675,"macro_f1_micro":0.9621173588026884,"model_name":"tinylettuce-ettin-68m-en","sample_recall_micro":1,"seed":42,"tokenizer_name":"meta-llama/Llama-3.1-8B","total_tokens":24917,"f1_binary_class_1":0.2909346451159522,"model":"gpt-3.5-turbo-0613","_runtime":632,"median_step_latency_s":0.024380085000302643,"sample_n_pos_gt":0,"wallclock_runtime_s":630.6745495796204,"sample_manifest_hash":"75bf4fc64ed1b34dcefb75382b5874b775d7313d75a6845a0f4c100aef0bac70","f1_micro":0.9595055584540675,"macro_f1_class_0":0.9757725883606749,"macro_recall_class_0":0.9915739644346906,"task_type":"Summary","recall_class_0":0.9913832768645167,"sample_n_pos_pred":0,"_timestamp":1.7775579815481389e+09,"confidence_threshold":0.6,"macro_recall_micro":0.9621173588026884,"precision_class_1":0.5012106537530266,"sample_mean_step_lat_s":0.022684881213653873,"sample_predict_runtime_s":2.971719438988657,"num_samples":150,"macro_precision_micro":0.9621173588026884,"precision_class_0":0.9672298400261182,"total_predict_runtime_s":624.0270442000001,"sample_precision_class_0":1,"macro_recall_class_1":0.1770760577390928,"sample_precision_micro":1,"frac_pos_pred":0.016575029096600715,"p95_step_latency_s":0.033261910799046744}