{"sample_recall_micro":1,"model":"gpt-3.5-turbo-0613","task_type":"Summary","macro_precision_class_0":0.9809082457204329,"sample_recall_class_1":NaN,"sample_n_tokens":131,"total_pos_gt":1010,"num_samples":150,"confidence_threshold":0.5,"frac_pos_pred":0.09318938877071879,"p95_step_latency_s":0.026947308000126204,"macro_recall_class_0":0.9326830419462103,"sample_precision_micro":1,"sample_f1_micro":1,"sample_n_pos_gt":0,"wallclock_runtime_s":540.9650976657867,"sample_mean_step_lat_s":0.019302425969490705,"total_predict_runtime_s":521.4598940257829,"sample_precision_class_0":1,"sample_recall_class_0":1,"frac_pos_gt":0.04053457478829715,"_wandb":{"runtime":547},"macro_f1_micro":0.9209098183292328,"seed":42,"_step":149,"recall_class_0":0.9268415108545615,"recall_class_1":0.5673267326732673,"precision_class_0":0.9806594379287453,"sample_predict_runtime_s":2.528617802003282,"macro_precision_micro":0.9209098183292328,"macro_precision_class_1":0.1553054030789377,"total_pos_pred":2322,"_timestamp":1.7775573333378885e+09,"precision_micro":0.9122687321908737,"model_name":"lettuceprevent-ettin-decoder-68m-en","f1_micro":0.9122687321908737,"precision_class_1":0.2467700258397933,"model_kind":"lettuceprevent_decoder","f1_binary_class_0":0.9529912691927229,"sample_manifest_hash":"75bf4fc64ed1b34dcefb75382b5874b775d7313d75a6845a0f4c100aef0bac70","mean_sample_runtime_s":3.476399293505219,"sample_n_pos_pred":0,"sample_precision_class_1":NaN,"model_path":"lebe1/lettuceprevent-ettin-decoder-68m-en","tokenizer_name":"meta-llama/Llama-3.1-8B","prompts_per_task":50,"mean_step_latency_s":0.020927876310381784,"total_tokens":24917,"macro_f1_class_0":0.9528109389100365,"macro_f1_class_1":0.4120373681977445,"sample_index":149,"sample_f1_class_0":1,"macro_recall_class_1":0.5337372461591694,"median_step_latency_s":0.02015490800022235,"f1_binary_class_1":0.34393757503001204,"sample_f1_class_1":NaN,"_runtime":547,"macro_recall_micro":0.9209098183292328,"recall_micro":0.9122687321908737}