{"sample_index":449,"confidence_threshold":0.5,"recall_class_1":0.22428842504743832,"total_runtime_seconds":1411.7513544559479,"_timestamp":1.7776375349774332e+09,"_step":449,"sample_recall":0,"sample_f1":0,"f1_binary_class_0":0.9787371736332324,"sample_precision":0,"f1_binary_class_1":0.28557622614158007,"task_type":"Summary","precision_micro":0.9587034243896989,"recall_micro":0.9587034243896989,"f1_micro":0.9587034243896989,"sample_runtime_s":1.522078275680542,"recall_class_0":0.9867621685104903,"precision_class_0":0.9708416547788873,"precision_class_1":0.3929521276595745,"_wandb":{"runtime":1417},"_runtime":1417}