{
  "model_name": "lettucedetect-base-modernbert-en-v1",
  "model_path": "KRLabsOrg/lettucedect-base-modernbert-en-v1",
  "model_kind": "lettucedetect",
  "confidence_threshold": 0.9,
  "num_samples": 150,
  "prompts_per_task": 50,
  "sample_manifest_hash": "75bf4fc64ed1b34dcefb75382b5874b775d7313d75a6845a0f4c100aef0bac70",
  "seed": 42,
  "tokenizer_name": "meta-llama/Llama-3.1-8B",
  "precision_micro": 0.9613516876028414,
  "recall_micro": 0.9613516876028414,
  "f1_micro": 0.9613516876028414,
  "precision_class_1": 0.55119825708061,
  "recall_class_1": 0.2504950495049505,
  "f1_binary_class_1": 0.3444520081688223,
  "precision_class_0": 0.9690489819282034,
  "recall_class_0": 0.9913832768645167,
  "f1_binary_class_0": 0.9800889072676522,
  "total_tokens": 24917,
  "total_pos_gt": 1010,
  "total_pos_pred": 459,
  "frac_pos_gt": 0.04053457478829715,
  "frac_pos_pred": 0.018421158245374644,
  "total_predict_runtime_s": 705.9907570509858,
  "mean_sample_runtime_s": 4.706605047006573,
  "mean_step_latency_s": 0.028333698159930403,
  "median_step_latency_s": 0.027143524999701185,
  "p95_step_latency_s": 0.038612280000234,
  "wallclock_runtime_s": 713.0700557231903,
  "macro_precision_class_1": 0.34561403508771926,
  "macro_recall_class_1": 0.20981477017596104,
  "macro_f1_class_1": 0.4345656119907137,
  "macro_precision_class_0": 0.9680991316940531,
  "macro_recall_class_0": 0.9908606647712253,
  "macro_f1_class_0": 0.9768765884725406,
  "macro_precision_micro": 0.9636768763789231,
  "macro_recall_micro": 0.9636768763789231,
  "macro_f1_micro": 0.9636768763789231
}