{
  "model_name": "lettucedetect-base-modernbert-en-v1",
  "model_path": "KRLabsOrg/lettucedect-base-modernbert-en-v1",
  "model_kind": "lettucedetect",
  "confidence_threshold": 0.5,
  "num_samples": 150,
  "prompts_per_task": 50,
  "sample_manifest_hash": "75bf4fc64ed1b34dcefb75382b5874b775d7313d75a6845a0f4c100aef0bac70",
  "seed": 42,
  "tokenizer_name": "meta-llama/Llama-3.1-8B",
  "precision_micro": 0.9522815748284303,
  "recall_micro": 0.9522815748284303,
  "f1_micro": 0.9522815748284303,
  "precision_class_1": 0.39433293978748524,
  "recall_class_1": 0.3306930693069307,
  "f1_binary_class_1": 0.3597199784598815,
  "precision_class_0": 0.9719152471956792,
  "recall_class_0": 0.9785418496674614,
  "f1_binary_class_0": 0.9752172916189006,
  "total_tokens": 24917,
  "total_pos_gt": 1010,
  "total_pos_pred": 847,
  "frac_pos_gt": 0.04053457478829715,
  "frac_pos_pred": 0.03399285628285909,
  "total_predict_runtime_s": 686.8726196760472,
  "mean_sample_runtime_s": 4.579150797840314,
  "mean_step_latency_s": 0.027566425319101303,
  "median_step_latency_s": 0.026421329000186233,
  "p95_step_latency_s": 0.03725254399996628,
  "wallclock_runtime_s": 693.151823759079,
  "macro_precision_class_1": 0.17526455957836146,
  "macro_recall_class_1": 0.29689771155329364,
  "macro_f1_class_1": 0.44338610853000787,
  "macro_precision_class_0": 0.9707819285880498,
  "macro_recall_class_0": 0.9768629454100499,
  "macro_f1_class_0": 0.9715973047817562,
  "macro_precision_micro": 0.9538905145477892,
  "macro_recall_micro": 0.9538905145477892,
  "macro_f1_micro": 0.9538905145477892
}