{
  "model_name": "tinylettuce-ettin-68m-en",
  "model_path": "KRLabsOrg/tinylettuce-ettin-68m-en",
  "model_kind": "lettucedetect",
  "confidence_threshold": 0.5,
  "num_samples": 150,
  "prompts_per_task": 50,
  "sample_manifest_hash": "75bf4fc64ed1b34dcefb75382b5874b775d7313d75a6845a0f4c100aef0bac70",
  "seed": 42,
  "tokenizer_name": "meta-llama/Llama-3.1-8B",
  "precision_micro": 0.9591844925151503,
  "recall_micro": 0.9591844925151503,
  "f1_micro": 0.9591844925151503,
  "precision_class_1": 0.49213483146067416,
  "recall_class_1": 0.21683168316831683,
  "f1_binary_class_1": 0.30103092783505153,
  "precision_class_0": 0.9676773455377574,
  "recall_class_0": 0.9905467018028192,
  "f1_binary_class_0": 0.978978482399388,
  "total_tokens": 24917,
  "total_pos_gt": 1010,
  "total_pos_pred": 445,
  "frac_pos_gt": 0.04053457478829715,
  "frac_pos_pred": 0.017859292852269535,
  "total_predict_runtime_s": 621.9906492800555,
  "mean_sample_runtime_s": 4.146604328533703,
  "mean_step_latency_s": 0.024962501476102884,
  "median_step_latency_s": 0.023960380999596964,
  "p95_step_latency_s": 0.03318474919979053,
  "wallclock_runtime_s": 627.7869551181793,
  "macro_precision_class_1": 0.27777099485945816,
  "macro_recall_class_1": 0.18561334943084967,
  "macro_f1_class_1": 0.37970204103682575,
  "macro_precision_class_0": 0.9665392610851694,
  "macro_recall_class_0": 0.9907990300352314,
  "macro_f1_class_0": 0.9757591636910183,
  "macro_precision_micro": 0.9619498566216731,
  "macro_recall_micro": 0.9619498566216731,
  "macro_f1_micro": 0.9619498566216731
}