{
  "model_name": "tinylettuce-ettin-68m-en",
  "model_path": "KRLabsOrg/tinylettuce-ettin-68m-en",
  "model_kind": "lettucedetect",
  "confidence_threshold": 0.6,
  "num_samples": 150,
  "prompts_per_task": 50,
  "sample_manifest_hash": "75bf4fc64ed1b34dcefb75382b5874b775d7313d75a6845a0f4c100aef0bac70",
  "seed": 42,
  "tokenizer_name": "meta-llama/Llama-3.1-8B",
  "precision_micro": 0.9595055584540675,
  "recall_micro": 0.9595055584540675,
  "f1_micro": 0.9595055584540675,
  "precision_class_1": 0.5012106537530266,
  "recall_class_1": 0.20495049504950494,
  "f1_binary_class_1": 0.2909346451159522,
  "precision_class_0": 0.9672298400261182,
  "recall_class_0": 0.9913832768645167,
  "f1_binary_class_0": 0.9791576294643779,
  "total_tokens": 24917,
  "total_pos_gt": 1010,
  "total_pos_pred": 413,
  "frac_pos_gt": 0.04053457478829715,
  "frac_pos_pred": 0.016575029096600715,
  "total_predict_runtime_s": 624.0270442000001,
  "mean_sample_runtime_s": 4.1601802946666675,
  "mean_step_latency_s": 0.025044228606975163,
  "median_step_latency_s": 0.024380085000302643,
  "p95_step_latency_s": 0.033261910799046744,
  "wallclock_runtime_s": 630.6745495796204,
  "macro_precision_class_1": 0.28359643340461754,
  "macro_recall_class_1": 0.1770760577390928,
  "macro_f1_class_1": 0.385465612251965,
  "macro_precision_class_0": 0.9660629897627685,
  "macro_recall_class_0": 0.9915739644346906,
  "macro_f1_class_0": 0.9757725883606749,
  "macro_precision_micro": 0.9621173588026884,
  "macro_recall_micro": 0.9621173588026884,
  "macro_f1_micro": 0.9621173588026884
}