{
  "model_name": "lettuceprevent-ettin-decoder-68m-en",
  "model_path": "lebe1/lettuceprevent-ettin-decoder-68m-en",
  "model_kind": "lettuceprevent_decoder",
  "confidence_threshold": 0.5,
  "num_samples": 150,
  "prompts_per_task": 50,
  "sample_manifest_hash": "75bf4fc64ed1b34dcefb75382b5874b775d7313d75a6845a0f4c100aef0bac70",
  "seed": 42,
  "tokenizer_name": "meta-llama/Llama-3.1-8B",
  "precision_micro": 0.9122687321908737,
  "recall_micro": 0.9122687321908737,
  "f1_micro": 0.9122687321908737,
  "precision_class_1": 0.2467700258397933,
  "recall_class_1": 0.5673267326732673,
  "f1_binary_class_1": 0.34393757503001204,
  "precision_class_0": 0.9806594379287453,
  "recall_class_0": 0.9268415108545615,
  "f1_binary_class_0": 0.9529912691927229,
  "total_tokens": 24917,
  "total_pos_gt": 1010,
  "total_pos_pred": 2322,
  "frac_pos_gt": 0.04053457478829715,
  "frac_pos_pred": 0.09318938877071879,
  "total_predict_runtime_s": 521.4598940257829,
  "mean_sample_runtime_s": 3.476399293505219,
  "mean_step_latency_s": 0.020927876310381784,
  "median_step_latency_s": 0.02015490800022235,
  "p95_step_latency_s": 0.026947308000126204,
  "wallclock_runtime_s": 540.9650976657867,
  "macro_precision_class_1": 0.1553054030789377,
  "macro_recall_class_1": 0.5337372461591694,
  "macro_f1_class_1": 0.4120373681977445,
  "macro_precision_class_0": 0.9809082457204329,
  "macro_recall_class_0": 0.9326830419462103,
  "macro_f1_class_0": 0.9528109389100365,
  "macro_precision_micro": 0.9209098183292328,
  "macro_recall_micro": 0.9209098183292328,
  "macro_f1_micro": 0.9209098183292328
}