{
  "model_name": "lettuceprevent-ettin-decoder-68m-en",
  "model_path": "lebe1/lettuceprevent-ettin-decoder-68m-en",
  "model_kind": "lettuceprevent_decoder",
  "confidence_threshold": 0.7,
  "num_samples": 150,
  "prompts_per_task": 50,
  "sample_manifest_hash": "75bf4fc64ed1b34dcefb75382b5874b775d7313d75a6845a0f4c100aef0bac70",
  "seed": 42,
  "tokenizer_name": "meta-llama/Llama-3.1-8B",
  "precision_micro": 0.9400409359072119,
  "recall_micro": 0.9400409359072119,
  "f1_micro": 0.9400409359072119,
  "precision_class_1": 0.3302945301542777,
  "recall_class_1": 0.46633663366336636,
  "f1_binary_class_1": 0.3866995073891626,
  "precision_class_0": 0.9770550423566472,
  "recall_class_0": 0.9600535408039487,
  "f1_binary_class_0": 0.9684796826870332,
  "total_tokens": 24917,
  "total_pos_gt": 1010,
  "total_pos_pred": 1426,
  "frac_pos_gt": 0.04053457478829715,
  "frac_pos_pred": 0.05723000361199181,
  "total_predict_runtime_s": 531.3360945710247,
  "mean_sample_runtime_s": 3.542240630473498,
  "mean_step_latency_s": 0.021324240260505865,
  "median_step_latency_s": 0.020562220999636338,
  "p95_step_latency_s": 0.02750514959952852,
  "wallclock_runtime_s": 551.4411451816559,
  "macro_precision_class_1": 0.20485740580224274,
  "macro_recall_class_1": 0.42424363159542156,
  "macro_f1_class_1": 0.46112624652470846,
  "macro_precision_class_0": 0.9773323508162641,
  "macro_recall_class_0": 0.9650207649685792,
  "macro_f1_class_0": 0.9691813062646535,
  "macro_precision_micro": 0.9479862957447568,
  "macro_recall_micro": 0.9479862957447568,
  "macro_f1_micro": 0.9479862957447568
}