{
  "model_name": "lettuceprevent-ettin-decoder-68m-en",
  "model_path": "lebe1/lettuceprevent-ettin-decoder-68m-en",
  "model_kind": "lettuceprevent_decoder",
  "confidence_threshold": 0.9,
  "num_samples": 150,
  "prompts_per_task": 50,
  "sample_manifest_hash": "75bf4fc64ed1b34dcefb75382b5874b775d7313d75a6845a0f4c100aef0bac70",
  "seed": 42,
  "tokenizer_name": "meta-llama/Llama-3.1-8B",
  "precision_micro": 0.9587430268491391,
  "recall_micro": 0.9587430268491391,
  "f1_micro": 0.9587430268491391,
  "precision_class_1": 0.4777227722772277,
  "recall_class_1": 0.1910891089108911,
  "f1_binary_class_1": 0.27298444130127303,
  "precision_class_0": 0.966670746134704,
  "recall_class_0": 0.9911741330990923,
  "f1_binary_class_0": 0.9787691036761669,
  "total_tokens": 24917,
  "total_pos_gt": 1010,
  "total_pos_pred": 404,
  "frac_pos_gt": 0.04053457478829715,
  "frac_pos_pred": 0.016213829915318858,
  "total_predict_runtime_s": 522.878282837788,
  "mean_sample_runtime_s": 3.4858552189185867,
  "mean_step_latency_s": 0.020984800852341293,
  "median_step_latency_s": 0.020218249001118238,
  "p95_step_latency_s": 0.027118087199050928,
  "wallclock_runtime_s": 542.6101071834564,
  "macro_precision_class_1": 0.35125407000407,
  "macro_recall_class_1": 0.15426522349447183,
  "macro_f1_class_1": 0.39267297219464786,
  "macro_precision_class_0": 0.9655143348585237,
  "macro_recall_class_0": 0.9928621522254104,
  "macro_f1_class_0": 0.975932578196305,
  "macro_precision_micro": 0.9627293271561002,
  "macro_recall_micro": 0.9627293271561002,
  "macro_f1_micro": 0.9627293271561002
}