{
  "model_name": "lettuceprevent-ettin-decoder-68m-en",
  "model_path": "lebe1/lettuceprevent-ettin-decoder-68m-en",
  "model_kind": "lettuceprevent_decoder",
  "confidence_threshold": 0.6,
  "num_samples": 150,
  "prompts_per_task": 50,
  "sample_manifest_hash": "75bf4fc64ed1b34dcefb75382b5874b775d7313d75a6845a0f4c100aef0bac70",
  "seed": 42,
  "tokenizer_name": "meta-llama/Llama-3.1-8B",
  "precision_micro": 0.9278002969859935,
  "recall_micro": 0.9278002969859935,
  "f1_micro": 0.9278002969859935,
  "precision_class_1": 0.28594682582745523,
  "recall_class_1": 0.5217821782178218,
  "f1_binary_class_1": 0.3694356817385208,
  "precision_class_0": 0.9790673485308139,
  "recall_class_0": 0.9449533609403103,
  "f1_binary_class_0": 0.961707924480109,
  "total_tokens": 24917,
  "total_pos_gt": 1010,
  "total_pos_pred": 1843,
  "frac_pos_gt": 0.04053457478829715,
  "frac_pos_pred": 0.07396556567805113,
  "total_predict_runtime_s": 521.8780602159386,
  "mean_sample_runtime_s": 3.4791870681062576,
  "mean_step_latency_s": 0.020944658675440004,
  "median_step_latency_s": 0.020169151999652968,
  "p95_step_latency_s": 0.026977208199241424,
  "wallclock_runtime_s": 541.4059872627258,
  "macro_precision_class_1": 0.16785421535749873,
  "macro_recall_class_1": 0.4827704678911022,
  "macro_f1_class_1": 0.4406196090529421,
  "macro_precision_class_0": 0.9793553079056888,
  "macro_recall_class_0": 0.950543872827079,
  "macro_f1_class_0": 0.9622480182277041,
  "macro_precision_micro": 0.936285863299118,
  "macro_recall_micro": 0.936285863299118,
  "macro_f1_micro": 0.936285863299118
}