{
  "model_name": "tinylettuce-ettin-68m-en",
  "model_path": "KRLabsOrg/tinylettuce-ettin-68m-en",
  "model_kind": "lettucedetect",
  "confidence_threshold": 0.9,
  "num_samples": 150,
  "prompts_per_task": 50,
  "sample_manifest_hash": "75bf4fc64ed1b34dcefb75382b5874b775d7313d75a6845a0f4c100aef0bac70",
  "seed": 42,
  "tokenizer_name": "meta-llama/Llama-3.1-8B",
  "precision_micro": 0.9613516876028414,
  "recall_micro": 0.9613516876028414,
  "f1_micro": 0.9613516876028414,
  "precision_class_1": 0.6082949308755761,
  "recall_class_1": 0.1306930693069307,
  "f1_binary_class_1": 0.215158924205379,
  "precision_class_0": 0.9644534412955466,
  "recall_class_0": 0.996444555987786,
  "f1_binary_class_0": 0.9801880387598494,
  "total_tokens": 24917,
  "total_pos_gt": 1010,
  "total_pos_pred": 217,
  "frac_pos_gt": 0.04053457478829715,
  "frac_pos_pred": 0.008708913593129189,
  "total_predict_runtime_s": 647.5686298768978,
  "mean_sample_runtime_s": 4.317124199179319,
  "mean_step_latency_s": 0.025989028770594287,
  "median_step_latency_s": 0.02497537499948521,
  "p95_step_latency_s": 0.03465864300087559,
  "wallclock_runtime_s": 654.6009197235107,
  "macro_precision_class_1": 0.4616228070175439,
  "macro_recall_class_1": 0.11035296792798188,
  "macro_f1_class_1": 0.3580768861680779,
  "macro_precision_class_0": 0.9638651893709899,
  "macro_recall_class_0": 0.9963259166503475,
  "macro_f1_class_0": 0.9765376068930713,
  "macro_precision_micro": 0.96362823879306,
  "macro_recall_micro": 0.96362823879306,
  "macro_f1_micro": 0.96362823879306
}