{
  "model_name": "lettucedetect-base-modernbert-en-v1",
  "model_path": "KRLabsOrg/lettucedect-base-modernbert-en-v1",
  "model_kind": "lettucedetect",
  "confidence_threshold": 0.6,
  "num_samples": 150,
  "prompts_per_task": 50,
  "sample_manifest_hash": "75bf4fc64ed1b34dcefb75382b5874b775d7313d75a6845a0f4c100aef0bac70",
  "seed": 42,
  "tokenizer_name": "meta-llama/Llama-3.1-8B",
  "precision_micro": 0.9542882369466629,
  "recall_micro": 0.9542882369466629,
  "f1_micro": 0.9542882369466629,
  "precision_class_1": 0.41612483745123535,
  "recall_class_1": 0.31683168316831684,
  "f1_binary_class_1": 0.35975267003934797,
  "precision_class_0": 0.9714262050687428,
  "recall_class_0": 0.9812188898648931,
  "f1_binary_class_0": 0.9762979918842992,
  "total_tokens": 24917,
  "total_pos_gt": 1010,
  "total_pos_pred": 769,
  "frac_pos_gt": 0.04053457478829715,
  "frac_pos_pred": 0.030862463378416343,
  "total_predict_runtime_s": 685.9810343218869,
  "mean_sample_runtime_s": 4.573206895479246,
  "mean_step_latency_s": 0.027530643107994017,
  "median_step_latency_s": 0.02671086599912087,
  "p95_step_latency_s": 0.0366409169993858,
  "wallclock_runtime_s": 692.6161077022552,
  "macro_precision_class_1": 0.2103199976776885,
  "macro_recall_class_1": 0.2879348579235733,
  "macro_f1_class_1": 0.4405319862801733,
  "macro_precision_class_0": 0.9702996115312419,
  "macro_recall_class_0": 0.9795048229851958,
  "macro_f1_class_0": 0.9726525039111923,
  "macro_precision_micro": 0.9559529346113859,
  "macro_recall_micro": 0.9559529346113859,
  "macro_f1_micro": 0.9559529346113859
}