{
  "model_name": "tinylettuce-ettin-68m-en",
  "model_path": "KRLabsOrg/tinylettuce-ettin-68m-en",
  "model_kind": "lettucedetect",
  "confidence_threshold": 0.8,
  "num_samples": 150,
  "prompts_per_task": 50,
  "sample_manifest_hash": "75bf4fc64ed1b34dcefb75382b5874b775d7313d75a6845a0f4c100aef0bac70",
  "seed": 42,
  "tokenizer_name": "meta-llama/Llama-3.1-8B",
  "precision_micro": 0.9605088895131838,
  "recall_micro": 0.9605088895131838,
  "f1_micro": 0.9605088895131838,
  "precision_class_1": 0.543046357615894,
  "recall_class_1": 0.16237623762376238,
  "f1_binary_class_1": 0.25,
  "precision_class_0": 0.9656307129798903,
  "recall_class_0": 0.9942276320742879,
  "f1_binary_class_0": 0.9797205391368864,
  "total_tokens": 24917,
  "total_pos_gt": 1010,
  "total_pos_pred": 302,
  "frac_pos_gt": 0.04053457478829715,
  "frac_pos_pred": 0.012120239194124494,
  "total_predict_runtime_s": 638.7419843240805,
  "mean_sample_runtime_s": 4.25827989549387,
  "mean_step_latency_s": 0.025634786865356203,
  "median_step_latency_s": 0.025081686999328667,
  "p95_step_latency_s": 0.034006337799655714,
  "wallclock_runtime_s": 645.6392512321472,
  "macro_precision_class_1": 0.33623722292200553,
  "macro_recall_class_1": 0.13410574820521404,
  "macro_f1_class_1": 0.35772961432153777,
  "macro_precision_class_0": 0.9647368626435459,
  "macro_recall_class_0": 0.9942391983145992,
  "macro_f1_class_0": 0.976192244152302,
  "macro_precision_micro": 0.9630031693424828,
  "macro_recall_micro": 0.9630031693424828,
  "macro_f1_micro": 0.9630031693424828
}