{
  "model_name": "lettuceprevent-ettin-decoder-68m-en",
  "model_path": "lebe1/lettuceprevent-ettin-decoder-68m-en",
  "model_kind": "lettuceprevent_decoder",
  "confidence_threshold": 0.8,
  "num_samples": 150,
  "prompts_per_task": 50,
  "sample_manifest_hash": "75bf4fc64ed1b34dcefb75382b5874b775d7313d75a6845a0f4c100aef0bac70",
  "seed": 42,
  "tokenizer_name": "meta-llama/Llama-3.1-8B",
  "precision_micro": 0.9510775775574909,
  "recall_micro": 0.9510775775574909,
  "f1_micro": 0.9510775775574909,
  "precision_class_1": 0.39684106614017767,
  "recall_class_1": 0.39801980198019804,
  "f1_binary_class_1": 0.39742956005931784,
  "precision_class_0": 0.9745649263721553,
  "recall_class_0": 0.9744426318651441,
  "f1_binary_class_0": 0.9745037752818388,
  "total_tokens": 24917,
  "total_pos_gt": 1010,
  "total_pos_pred": 1013,
  "frac_pos_gt": 0.04053457478829715,
  "frac_pos_pred": 0.0406549745153911,
  "total_predict_runtime_s": 524.5198610560292,
  "mean_sample_runtime_s": 3.4967990737068613,
  "mean_step_latency_s": 0.0210506827088345,
  "median_step_latency_s": 0.020241751000867225,
  "p95_step_latency_s": 0.02711208020009508,
  "wallclock_runtime_s": 544.1873173713684,
  "macro_precision_class_1": 0.2512210569429904,
  "macro_recall_class_1": 0.35186245560512125,
  "macro_f1_class_1": 0.46510717067131985,
  "macro_precision_class_0": 0.9747535668957578,
  "macro_recall_class_0": 0.9788887057448399,
  "macro_f1_class_0": 0.9751848316719024,
  "macro_precision_micro": 0.9588255050938549,
  "macro_recall_micro": 0.9588255050938549,
  "macro_f1_micro": 0.9588255050938549
}