{
  "model_name": "lettucedetect-base-modernbert-en-v1",
  "model_path": "KRLabsOrg/lettucedect-base-modernbert-en-v1",
  "model_kind": "lettucedetect",
  "confidence_threshold": 0.7,
  "num_samples": 150,
  "prompts_per_task": 50,
  "sample_manifest_hash": "75bf4fc64ed1b34dcefb75382b5874b775d7313d75a6845a0f4c100aef0bac70",
  "seed": 42,
  "tokenizer_name": "meta-llama/Llama-3.1-8B",
  "precision_micro": 0.9558935666412489,
  "recall_micro": 0.9558935666412489,
  "f1_micro": 0.9558935666412489,
  "precision_class_1": 0.4357864357864358,
  "recall_class_1": 0.299009900990099,
  "f1_binary_class_1": 0.3546682325308279,
  "precision_class_0": 0.9707727873183619,
  "recall_class_0": 0.9836449575438156,
  "f1_binary_class_0": 0.9771664831397644,
  "total_tokens": 24917,
  "total_pos_gt": 1010,
  "total_pos_pred": 693,
  "frac_pos_gt": 0.04053457478829715,
  "frac_pos_pred": 0.027812336958702895,
  "total_predict_runtime_s": 682.913633850354,
  "mean_sample_runtime_s": 4.55275755900236,
  "mean_step_latency_s": 0.027407538381440544,
  "median_step_latency_s": 0.0265075089992024,
  "p95_step_latency_s": 0.036816544800240075,
  "wallclock_runtime_s": 689.2139835357666,
  "macro_precision_class_1": 0.21941271063005985,
  "macro_recall_class_1": 0.2641223687659461,
  "macro_f1_class_1": 0.4380844497455685,
  "macro_precision_class_0": 0.9697271732191797,
  "macro_recall_class_0": 0.9819248206911925,
  "macro_f1_class_0": 0.9735426044482938,
  "macro_precision_micro": 0.9576353033956203,
  "macro_recall_micro": 0.9576353033956203,
  "macro_f1_micro": 0.9576353033956203
}