{
  "model_name": "lettucedetect-base-modernbert-en-v1",
  "model_path": "KRLabsOrg/lettucedect-base-modernbert-en-v1",
  "model_kind": "lettucedetect",
  "confidence_threshold": 0.8,
  "num_samples": 150,
  "prompts_per_task": 50,
  "sample_manifest_hash": "75bf4fc64ed1b34dcefb75382b5874b775d7313d75a6845a0f4c100aef0bac70",
  "seed": 42,
  "tokenizer_name": "meta-llama/Llama-3.1-8B",
  "precision_micro": 0.9579002287594814,
  "recall_micro": 0.9579002287594814,
  "f1_micro": 0.9579002287594814,
  "precision_class_1": 0.46766169154228854,
  "recall_class_1": 0.27920792079207923,
  "f1_binary_class_1": 0.34965902045877245,
  "precision_class_0": 0.9700584025664226,
  "recall_class_0": 0.9865729702597565,
  "f1_binary_class_0": 0.9782459924099459,
  "total_tokens": 24917,
  "total_pos_gt": 1010,
  "total_pos_pred": 603,
  "frac_pos_gt": 0.04053457478829715,
  "frac_pos_pred": 0.024200345145884337,
  "total_predict_runtime_s": 691.514584288785,
  "mean_sample_runtime_s": 4.610097228591901,
  "mean_step_latency_s": 0.027752722409952444,
  "median_step_latency_s": 0.026741891999336076,
  "p95_step_latency_s": 0.03758319460066558,
  "wallclock_runtime_s": 698.2407450675964,
  "macro_precision_class_1": 0.2614440309794125,
  "macro_recall_class_1": 0.24082183478099115,
  "macro_f1_class_1": 0.427935266662306,
  "macro_precision_class_0": 0.9689331116299824,
  "macro_recall_class_0": 0.9856298750636987,
  "macro_f1_class_0": 0.9747211471932985,
  "macro_precision_micro": 0.959692116667096,
  "macro_recall_micro": 0.959692116667096,
  "macro_f1_micro": 0.959692116667096
}