{
  "model_name": "tinylettuce-ettin-68m-en",
  "model_path": "KRLabsOrg/tinylettuce-ettin-68m-en",
  "model_kind": "lettucedetect",
  "confidence_threshold": 0.7,
  "num_samples": 150,
  "prompts_per_task": 50,
  "sample_manifest_hash": "75bf4fc64ed1b34dcefb75382b5874b775d7313d75a6845a0f4c100aef0bac70",
  "seed": 42,
  "tokenizer_name": "meta-llama/Llama-3.1-8B",
  "precision_micro": 0.9602279568166312,
  "recall_micro": 0.9602279568166312,
  "f1_micro": 0.9602279568166312,
  "precision_class_1": 0.5257452574525745,
  "recall_class_1": 0.19207920792079208,
  "f1_binary_class_1": 0.28136330674401744,
  "precision_class_0": 0.9667590027700831,
  "recall_class_0": 0.9926799682101477,
  "f1_binary_class_0": 0.9795480342585905,
  "total_tokens": 24917,
  "total_pos_gt": 1010,
  "total_pos_pred": 369,
  "frac_pos_gt": 0.04053457478829715,
  "frac_pos_pred": 0.014809166432556087,
  "total_predict_runtime_s": 625.8755812419913,
  "mean_sample_runtime_s": 4.172503874946608,
  "mean_step_latency_s": 0.02511841639210143,
  "median_step_latency_s": 0.02449657900069724,
  "p95_step_latency_s": 0.03351042479953319,
  "wallclock_runtime_s": 632.536135673523,
  "macro_precision_class_1": 0.3098827030812325,
  "macro_recall_class_1": 0.16688733782353835,
  "macro_f1_class_1": 0.38382320063264774,
  "macro_precision_class_0": 0.9656670540696842,
  "macro_recall_class_0": 0.9927301664147538,
  "macro_f1_class_0": 0.9760394151317047,
  "macro_precision_micro": 0.9626817215797323,
  "macro_recall_micro": 0.9626817215797323,
  "macro_f1_micro": 0.9626817215797323
}