{"macro_f1_micro":0.9636768763789231,"sample_manifest_hash":"75bf4fc64ed1b34dcefb75382b5874b775d7313d75a6845a0f4c100aef0bac70","mean_sample_runtime_s":4.706605047006573,"task_type":"Summary","num_samples":150,"wallclock_runtime_s":713.0700557231903,"total_pos_gt":1010,"model_kind":"lettucedetect","total_tokens":24917,"confidence_threshold":0.9,"total_predict_runtime_s":705.9907570509858,"sample_f1_class_1":NaN,"model":"gpt-3.5-turbo-0613","macro_precision_class_1":0.34561403508771926,"sample_precision_class_0":1,"macro_f1_class_0":0.9768765884725406,"sample_precision_micro":1,"mean_step_latency_s":0.028333698159930403,"sample_recall_class_0":1,"precision_class_0":0.9690489819282034,"tokenizer_name":"meta-llama/Llama-3.1-8B","macro_f1_class_1":0.4345656119907137,"frac_pos_gt":0.04053457478829715,"seed":42,"sample_precision_class_1":NaN,"recall_class_1":0.2504950495049505,"_step":149,"macro_precision_class_0":0.9680991316940531,"f1_binary_class_1":0.3444520081688223,"precision_micro":0.9613516876028414,"sample_n_tokens":131,"sample_recall_micro":1,"sample_index":149,"macro_precision_micro":0.9636768763789231,"sample_n_pos_pred":0,"macro_recall_class_0":0.9908606647712253,"_timestamp":1.777564448756733e+09,"model_path":"KRLabsOrg/lettucedect-base-modernbert-en-v1","recall_micro":0.9613516876028414,"_wandb":{"runtime":714},"sample_mean_step_lat_s":0.025505957404508804,"f1_micro":0.9613516876028414,"_runtime":714,"f1_binary_class_0":0.9800889072676522,"model_name":"lettucedetect-base-modernbert-en-v1","macro_recall_class_1":0.20981477017596104,"prompts_per_task":50,"total_pos_pred":459,"sample_f1_micro":1,"median_step_latency_s":0.027143524999701185,"frac_pos_pred":0.018421158245374644,"sample_predict_runtime_s":3.341280419990653,"sample_f1_class_0":1,"precision_class_1":0.55119825708061,"sample_recall_class_1":NaN,"recall_class_0":0.9913832768645167,"sample_n_pos_gt":0,"macro_recall_micro":0.9636768763789231,"p95_step_latency_s":0.038612280000234}