{"recall_micro":0.9542902631137925,"f1_micro":0.9542902631137925,"_timestamp":1.7776395342971425e+09,"total_runtime_seconds":1989.7646005153656,"sample_recall":0,"_step":449,"task_type":"Summary","sample_runtime_s":1.7784643173217773,"_runtime":1993,"sample_index":449,"f1_binary_class_1":0.3555818074424099,"f1_binary_class_0":0.9763047585952263,"recall_class_0":0.9776566283402688,"precision_micro":0.9542902631137925,"confidence_threshold":0.6,"sample_precision":0,"sample_f1":0,"precision_class_1":0.36947626841243864,"precision_class_0":0.9749566223250434,"recall_class_1":0.3426944971537002,"_wandb":{"runtime":1993}}