{"macro_precision_micro":0.9627293271561002,"model_kind":"lettuceprevent_decoder","seed":42,"f1_binary_class_1":0.27298444130127303,"sample_n_pos_pred":0,"mean_sample_runtime_s":3.4858552189185867,"sample_precision_class_0":1,"recall_class_0":0.9911741330990923,"precision_class_1":0.4777227722772277,"macro_recall_class_0":0.9928621522254104,"tokenizer_name":"meta-llama/Llama-3.1-8B","sample_n_tokens":131,"sample_precision_class_1":NaN,"mean_step_latency_s":0.020984800852341293,"f1_micro":0.9587430268491391,"sample_recall_micro":1,"precision_class_0":0.966670746134704,"f1_binary_class_0":0.9787691036761669,"total_pos_gt":1010,"num_samples":150,"sample_recall_class_1":NaN,"sample_manifest_hash":"75bf4fc64ed1b34dcefb75382b5874b775d7313d75a6845a0f4c100aef0bac70","p95_step_latency_s":0.027118087199050928,"precision_micro":0.9587430268491391,"sample_predict_runtime_s":2.4904172899987316,"macro_f1_micro":0.9627293271561002,"total_predict_runtime_s":522.878282837788,"recall_micro":0.9587430268491391,"macro_f1_class_0":0.975932578196305,"sample_n_pos_gt":0,"macro_recall_class_1":0.15426522349447183,"sample_f1_class_1":NaN,"_step":149,"_wandb":{"runtime":545},"task_type":"Summary","model":"gpt-3.5-turbo-0613","sample_f1_class_0":1,"median_step_latency_s":0.020218249001118238,"_runtime":545,"macro_precision_class_1":0.35125407000407,"sample_mean_step_lat_s":0.019010819007623907,"total_tokens":24917,"sample_precision_micro":1,"macro_recall_micro":0.9627293271561002,"_timestamp":1.7775650034603777e+09,"confidence_threshold":0.9,"model_name":"lettuceprevent-ettin-decoder-68m-en","macro_f1_class_1":0.39267297219464786,"frac_pos_gt":0.04053457478829715,"model_path":"lebe1/lettuceprevent-ettin-decoder-68m-en","total_pos_pred":404,"prompts_per_task":50,"sample_index":149,"sample_recall_class_0":1,"macro_precision_class_0":0.9655143348585237,"frac_pos_pred":0.016213829915318858,"sample_f1_micro":1,"wallclock_runtime_s":542.6101071834564,"recall_class_1":0.1910891089108911}