{"sample_recall_class_0":1,"macro_precision_class_1":0.27777099485945816,"tokenizer_name":"meta-llama/Llama-3.1-8B","median_step_latency_s":0.023960380999596964,"macro_recall_class_0":0.9907990300352314,"prompts_per_task":50,"recall_micro":0.9591844925151503,"sample_precision_micro":1,"sample_n_pos_pred":0,"precision_micro":0.9591844925151503,"model":"gpt-3.5-turbo-0613","_wandb":{"runtime":635},"wallclock_runtime_s":627.7869551181793,"macro_recall_class_1":0.18561334943084967,"sample_mean_step_lat_s":0.022248426854865878,"macro_precision_micro":0.9619498566216731,"f1_binary_class_0":0.978978482399388,"sample_recall_class_1":NaN,"sample_n_pos_gt":0,"sample_predict_runtime_s":2.91454391798743,"precision_class_0":0.9676773455377574,"sample_manifest_hash":"75bf4fc64ed1b34dcefb75382b5874b775d7313d75a6845a0f4c100aef0bac70","sample_n_tokens":131,"model_kind":"lettucedetect","precision_class_1":0.49213483146067416,"total_tokens":24917,"mean_step_latency_s":0.024962501476102884,"recall_class_1":0.21683168316831683,"f1_binary_class_1":0.30103092783505153,"macro_precision_class_0":0.9665392610851694,"macro_f1_micro":0.9619498566216731,"_timestamp":1.777556073338537e+09,"frac_pos_pred":0.017859292852269535,"model_name":"tinylettuce-ettin-68m-en","total_pos_pred":445,"sample_precision_class_0":1,"sample_recall_micro":1,"sample_f1_class_1":NaN,"model_path":"KRLabsOrg/tinylettuce-ettin-68m-en","total_predict_runtime_s":621.9906492800555,"total_pos_gt":1010,"frac_pos_gt":0.04053457478829715,"sample_f1_micro":1,"_step":149,"sample_index":149,"num_samples":150,"sample_f1_class_0":1,"macro_recall_micro":0.9619498566216731,"recall_class_0":0.9905467018028192,"macro_f1_class_1":0.37970204103682575,"mean_sample_runtime_s":4.146604328533703,"confidence_threshold":0.5,"f1_micro":0.9591844925151503,"macro_f1_class_0":0.9757591636910183,"p95_step_latency_s":0.03318474919979053,"seed":42,"task_type":"Summary","sample_precision_class_1":NaN,"_runtime":635}