{"num_samples":150,"sample_precision_class_0":1,"wallclock_runtime_s":693.151823759079,"sample_predict_runtime_s":3.2316978659919187,"sample_precision_micro":1,"_step":149,"macro_f1_class_0":0.9715973047817562,"sample_n_pos_gt":0,"sample_f1_class_1":NaN,"sample_recall_class_1":NaN,"recall_class_1":0.3306930693069307,"model":"gpt-3.5-turbo-0613","mean_step_latency_s":0.027566425319101303,"sample_precision_class_1":NaN,"sample_index":149,"total_pos_pred":847,"total_predict_runtime_s":686.8726196760472,"tokenizer_name":"meta-llama/Llama-3.1-8B","macro_f1_micro":0.9538905145477892,"_timestamp":1.7775567788800619e+09,"macro_precision_class_1":0.17526455957836146,"precision_micro":0.9522815748284303,"f1_binary_class_0":0.9752172916189006,"model_path":"KRLabsOrg/lettucedect-base-modernbert-en-v1","f1_binary_class_1":0.3597199784598815,"seed":42,"total_pos_gt":1010,"macro_f1_class_1":0.44338610853000787,"_wandb":{"runtime":695},"p95_step_latency_s":0.03725254399996628,"precision_class_1":0.39433293978748524,"recall_class_0":0.9785418496674614,"macro_recall_class_0":0.9768629454100499,"model_name":"lettucedetect-base-modernbert-en-v1","frac_pos_gt":0.04053457478829715,"macro_precision_micro":0.9538905145477892,"_runtime":695,"total_tokens":24917,"sample_f1_class_0":1,"median_step_latency_s":0.026421329000186233,"prompts_per_task":50,"sample_mean_step_lat_s":0.024669449358716938,"macro_precision_class_0":0.9707819285880498,"f1_micro":0.9522815748284303,"model_kind":"lettucedetect","frac_pos_pred":0.03399285628285909,"mean_sample_runtime_s":4.579150797840314,"sample_manifest_hash":"75bf4fc64ed1b34dcefb75382b5874b775d7313d75a6845a0f4c100aef0bac70","sample_recall_class_0":1,"macro_recall_class_1":0.29689771155329364,"macro_recall_micro":0.9538905145477892,"task_type":"Summary","sample_f1_micro":1,"precision_class_0":0.9719152471956792,"sample_n_pos_pred":0,"sample_n_tokens":131,"sample_recall_micro":1,"recall_micro":0.9522815748284303,"confidence_threshold":0.5}