{"sample_recall_micro":1,"macro_f1_class_1":0.4406196090529421,"sample_precision_class_0":1,"sample_predict_runtime_s":2.5358711600001698,"sample_precision_class_1":NaN,"sample_f1_micro":1,"sample_f1_class_1":NaN,"_step":149,"median_step_latency_s":0.020169151999652968,"task_type":"Summary","recall_class_0":0.9449533609403103,"macro_recall_class_1":0.4827704678911022,"total_tokens":24917,"model":"gpt-3.5-turbo-0613","seed":42,"_timestamp":1.7775592389372413e+09,"wallclock_runtime_s":541.4059872627258,"sample_mean_step_lat_s":0.019357795114505114,"macro_precision_class_1":0.16785421535749873,"model_kind":"lettuceprevent_decoder","macro_recall_micro":0.936285863299118,"mean_step_latency_s":0.020944658675440004,"sample_precision_micro":1,"sample_n_pos_pred":0,"frac_pos_pred":0.07396556567805113,"recall_class_1":0.5217821782178218,"sample_n_pos_gt":0,"frac_pos_gt":0.04053457478829715,"tokenizer_name":"meta-llama/Llama-3.1-8B","prompts_per_task":50,"sample_index":149,"confidence_threshold":0.6,"p95_step_latency_s":0.026977208199241424,"total_pos_gt":1010,"sample_recall_class_1":NaN,"sample_recall_class_0":1,"sample_f1_class_0":1,"macro_recall_class_0":0.950543872827079,"recall_micro":0.9278002969859935,"f1_micro":0.9278002969859935,"precision_micro":0.9278002969859935,"sample_n_tokens":131,"_runtime":544,"macro_precision_micro":0.936285863299118,"macro_f1_class_0":0.9622480182277041,"sample_manifest_hash":"75bf4fc64ed1b34dcefb75382b5874b775d7313d75a6845a0f4c100aef0bac70","macro_precision_class_0":0.9793553079056888,"mean_sample_runtime_s":3.4791870681062576,"total_predict_runtime_s":521.8780602159386,"precision_class_1":0.28594682582745523,"model_path":"lebe1/lettuceprevent-ettin-decoder-68m-en","num_samples":150,"_wandb":{"runtime":544},"f1_binary_class_1":0.3694356817385208,"model_name":"lettuceprevent-ettin-decoder-68m-en","precision_class_0":0.9790673485308139,"macro_f1_micro":0.936285863299118,"f1_binary_class_0":0.961707924480109,"total_pos_pred":1843}