{"recall_micro":0.9489274342215519,"recall_class_0":0.9683335991532428,"_runtime":1252,"f1_binary_class_0":0.9733507254403289,"_wandb":{"runtime":1252},"precision_micro":0.9489274342215519,"f1_micro":0.9489274342215519,"_step":449,"precision_class_1":0.3472803347280335,"total_runtime_seconds":1247.8892166614532,"f1_binary_class_1":0.38856378532018054,"sample_precision":0,"precision_class_0":0.9784201119282722,"sample_index":449,"sample_f1":0,"recall_class_1":0.4409867172675522,"sample_runtime_s":1.0991084575653076,"_timestamp":1.7776407923750596e+09,"sample_recall":0,"task_type":"Summary","confidence_threshold":0.8}