{"median_step_latency_s":0.020241751000867225,"sample_n_pos_gt":0,"sample_manifest_hash":"75bf4fc64ed1b34dcefb75382b5874b775d7313d75a6845a0f4c100aef0bac70","recall_class_0":0.9744426318651441,"mean_step_latency_s":0.0210506827088345,"wallclock_runtime_s":544.1873173713684,"sample_recall_class_0":1,"p95_step_latency_s":0.02711208020009508,"sample_precision_class_0":1,"sample_precision_class_1":NaN,"recall_class_1":0.39801980198019804,"frac_pos_gt":0.04053457478829715,"sample_n_tokens":131,"tokenizer_name":"meta-llama/Llama-3.1-8B","macro_recall_class_1":0.35186245560512125,"recall_micro":0.9510775775574909,"model_kind":"lettuceprevent_decoder","precision_class_1":0.39684106614017767,"_runtime":547,"confidence_threshold":0.8,"num_samples":150,"macro_f1_class_1":0.46510717067131985,"sample_f1_class_1":NaN,"total_pos_pred":1013,"frac_pos_pred":0.0406549745153911,"precision_class_0":0.9745649263721553,"prompts_per_task":50,"sample_precision_micro":1,"f1_micro":0.9510775775574909,"sample_recall_micro":1,"sample_n_pos_pred":0,"sample_mean_step_lat_s":0.019544955320680294,"_step":149,"total_pos_gt":1010,"macro_precision_class_1":0.2512210569429904,"total_tokens":24917,"sample_predict_runtime_s":2.5603891470091185,"_wandb":{"runtime":547},"sample_index":149,"macro_f1_class_0":0.9751848316719024,"sample_recall_class_1":NaN,"_timestamp":1.7775630620357122e+09,"seed":42,"model":"gpt-3.5-turbo-0613","sample_f1_micro":1,"macro_recall_class_0":0.9788887057448399,"model_path":"lebe1/lettuceprevent-ettin-decoder-68m-en","model_name":"lettuceprevent-ettin-decoder-68m-en","macro_f1_micro":0.9588255050938549,"mean_sample_runtime_s":3.4967990737068613,"f1_binary_class_1":0.39742956005931784,"precision_micro":0.9510775775574909,"total_predict_runtime_s":524.5198610560292,"macro_precision_micro":0.9588255050938549,"sample_f1_class_0":1,"task_type":"Summary","macro_recall_micro":0.9588255050938549,"macro_precision_class_0":0.9747535668957578,"f1_binary_class_0":0.9745037752818388}