{"wallclock_runtime_s":654.6009197235107,"macro_f1_class_0":0.9765376068930713,"sample_index":149,"sample_recall_class_0":1,"f1_binary_class_0":0.9801880387598494,"macro_precision_micro":0.96362823879306,"p95_step_latency_s":0.03465864300087559,"_step":149,"confidence_threshold":0.9,"sample_manifest_hash":"75bf4fc64ed1b34dcefb75382b5874b775d7313d75a6845a0f4c100aef0bac70","macro_precision_class_1":0.4616228070175439,"num_samples":150,"recall_class_1":0.1306930693069307,"sample_n_pos_gt":0,"total_pos_pred":217,"mean_sample_runtime_s":4.317124199179319,"sample_mean_step_lat_s":0.023078099183106944,"sample_f1_class_1":NaN,"_wandb":{"runtime":656},"frac_pos_gt":0.04053457478829715,"frac_pos_pred":0.008708913593129189,"sample_recall_micro":1,"tokenizer_name":"meta-llama/Llama-3.1-8B","macro_f1_micro":0.96362823879306,"total_tokens":24917,"model_name":"tinylettuce-ettin-68m-en","macro_f1_class_1":0.3580768861680779,"macro_recall_micro":0.96362823879306,"recall_micro":0.9613516876028414,"sample_precision_micro":1,"mean_step_latency_s":0.025989028770594287,"total_predict_runtime_s":647.5686298768978,"precision_class_0":0.9644534412955466,"precision_micro":0.9613516876028414,"model":"gpt-3.5-turbo-0613","f1_binary_class_1":0.215158924205379,"sample_predict_runtime_s":3.02323099298701,"recall_class_0":0.996444555987786,"sample_f1_class_0":1,"prompts_per_task":50,"_timestamp":1.777563727959725e+09,"f1_micro":0.9613516876028414,"task_type":"Summary","median_step_latency_s":0.02497537499948521,"seed":42,"macro_recall_class_1":0.11035296792798188,"sample_precision_class_1":NaN,"sample_precision_class_0":1,"total_pos_gt":1010,"macro_recall_class_0":0.9963259166503475,"precision_class_1":0.6082949308755761,"macro_precision_class_0":0.9638651893709899,"model_path":"KRLabsOrg/tinylettuce-ettin-68m-en","_runtime":656,"sample_n_tokens":131,"sample_n_pos_pred":0,"model_kind":"lettucedetect","sample_recall_class_1":NaN,"sample_f1_micro":1}